,Fact id,Fact start state,Fact end state,Fact actions,Recourse,fidelity,reachability,stochastic_validity,Value
0,0,"[5, 17, 10, 11, 12, 15, 16, 17]","[11, 17, 10, 11, 12, 15, 16, 17]","[1, 4, 4]",[2],-0.8744117021560669,-0.3333333333333333,-0.30000000000000004,-1.5077450354894002
1,1,"[15, 8, 10, 11, 12, 15, 16, 17]","[10, 8, 10, 11, 12, 15, 16, 17]","[4, 4, 4]","[3, 0, 0, 0]",-0.268211854621768,-1.3333333333333333,-0.19999999999999996,-1.676880587899844
2,2,"[10, 17, 10, 11, 12, 15, 16, 17]","[15, 17, 10, 11, 12, 15, 16, 17]","[4, 4, 4]",[3],-0.9050768315792084,-0.3333333333333333,-0.4,-1.5384101649125417
3,3,"[15, 8, 10, 11, 12, 15, 16, 17]","[16, 8, 10, 11, 12, 15, 16, 17]","[4, 4, 4]",[2],-0.7603854089975357,-0.3333333333333333,-0.5,-1.393718742330869
4,4,"[10, 16, 10, 11, 12, 15, 16, 17]","[5, 16, 10, 11, 12, 15, 16, 17]","[4, 4, 4]",[1],-0.5705216526985168,-0.3333333333333333,-0.0,-0.9038549860318501
5,5,"[15, 8, 10, 11, 12, 15, 16, 17]","[10, 8, 10, 11, 12, 15, 16, 17]","[4, 4, 4]","[3, 0, 0, 0]",-0.3852545275381999,-1.3333333333333333,-0.4,-1.708360232033495
6,6,"[10, 8, 10, 11, 12, 15, 16, 17]","[20, 8, 10, 11, 12, 15, 16, 17]","[3, 4, 4]",[3],-0.3861233592033386,-0.3333333333333333,-0.0,-0.7194566925366719
