,Fact id,Fact end state,Fact actions,Recourse,uncertainty,proximity,sparsity,recency,validity,Value
0,0,"[23, 23, 2, 12, 23, 15, 14]","[1, 1, 0, 1, 0]","[1, 1, 0, 1, 1]",0.0,0.2,0.19999999999999996,0.06666666666666667,False,0.4666666666666666
1,0,"[23, 23, 2, 12, 23, 15, 14]","[1, 1, 0, 1, 0]","[1, 1, 0, 1, 3]",0.0,0.2,0.19999999999999996,0.06666666666666667,False,0.4666666666666666
2,0,"[23, 23, 2, 12, 23, 15, 14]","[1, 1, 0, 1, 0]","[1, 1, 0, 1, 4]",0.0,0.2,0.19999999999999996,0.06666666666666667,False,0.4666666666666666
3,0,"[23, 23, 2, 12, 23, 15, 14]","[1, 1, 0, 1, 0]","[1, 1, 0, 1, 2]",0.0,0.2,0.19999999999999996,0.06666666666666667,False,0.4666666666666666
