,Fact id,Fact end state,Fact actions,Recourse,uncertainty,proximity,sparsity,recency,validity,Value
0,0,"[12, 12, 10, 11, 12, 15, 16, 17]","[3, 2, 2]","[3, 2, 4]",0.0,0.3333333333333333,0.33333333333333337,0.16666666666666666,False,0.8333333333333334
1,0,"[12, 12, 10, 11, 12, 15, 16, 17]","[3, 2, 2]","[3, 2, 0]",0.0,0.3333333333333333,0.33333333333333337,0.16666666666666666,False,0.8333333333333334
2,1,"[1, 1, 10, 11, 12, 15, 16, 17]","[2, 2, 2]","[2, 2, 3]",0.0,0.3333333333333333,0.33333333333333337,0.16666666666666666,False,0.8333333333333334
3,1,"[1, 1, 10, 11, 12, 15, 16, 17]","[2, 2, 2]","[2, 2, 4]",0.0,0.3333333333333333,0.33333333333333337,0.16666666666666666,False,0.8333333333333334
4,1,"[1, 1, 10, 11, 12, 15, 16, 17]","[2, 2, 2]","[2, 2, 0]",0.0,0.3333333333333333,0.33333333333333337,0.16666666666666666,False,0.8333333333333334
5,2,"[16, 10, 10, 11, 12, 15, 16, 17]","[2, 2, 2]","[2, 2, 2]",0.0,0.0,0.0,0.0,False,0.0
