,Fact id,Fact end state,Fact actions,Recourse,uncertainty,proximity,sparsity,recency,validity,Value
0,0,"[0, 1, 0, 0, 2, 0, 0, 4, 0, 0, 0, 0, 4, 0, 0, 0, 0, 4, 0, 0, 0, 0, 3, 0, 0, 0]","[0, 3, 4]","[0, 3, 5]",0.0,0.3333333333333333,0.33333333333333337,0.16666666666666666,False,0.8333333333333334
1,0,"[0, 1, 0, 0, 2, 0, 0, 4, 0, 0, 0, 0, 4, 0, 0, 0, 0, 4, 0, 0, 0, 0, 3, 0, 0, 0]","[0, 3, 4]","[0, 3, 3]",0.0,0.3333333333333333,0.33333333333333337,0.16666666666666666,False,0.8333333333333334
2,0,"[0, 1, 0, 0, 2, 0, 0, 4, 0, 0, 0, 0, 4, 0, 0, 0, 0, 4, 0, 0, 0, 0, 3, 0, 0, 0]","[0, 3, 4]","[0, 3, 2]",0.0,0.3333333333333333,0.33333333333333337,0.16666666666666666,False,0.8333333333333334
3,0,"[0, 1, 0, 0, 2, 0, 0, 4, 0, 0, 0, 0, 4, 0, 0, 0, 0, 4, 0, 0, 0, 0, 3, 0, 0, 0]","[0, 3, 4]","[0, 3, 1]",0.0,0.3333333333333333,0.33333333333333337,0.16666666666666666,False,0.8333333333333334
4,0,"[0, 1, 0, 0, 2, 0, 0, 4, 0, 0, 0, 0, 4, 0, 0, 0, 0, 4, 0, 0, 0, 0, 3, 0, 0, 0]","[0, 3, 4]","[0, 3, 0]",0.0,0.3333333333333333,0.33333333333333337,0.16666666666666666,False,0.8333333333333334
